https://slack.com/111,404,Not Found
https://slack.com/,200,Success
https://github.com/,200,Success
https://api.github.io/222,404,Not Found
https://slack.com/,200,Success
https://slack.com/333,404,Not Found
https://github.com/,200,Success
https://api.github.io/444,404,Not Found
https://slack.com/555,404,Not Found
https://slack.com/,200,Success
https://github.com/,200,Success
https://api.github.io/666,404,Not Found
https://slack.com/,200,Success
https://slack.com/777,404,Not Found
https://github.com/,200,Success
https://api.github.io/888,404,Not Found
https://slack.com/999,404,Not Found
https://slack.com/,200,Success
https://github.com/,200,Success
https://api.github.io/121,404,Not Found
https://slack.com/111,404,Not Found
https://slack.com/,200,Success
https://api.github.io/222,404,Not Found
https://github.com/,200,Success
https://slack.com/333,404,Not Found
